[
  {
    "id": "3b1d088f-5ca3-44dd-8d5c-680d27fa947f",
    "data": [
      {
        "text": "mary",
        "userDefined": false
      }
    ],
    "isTemplate": false,
    "count": 0,
    "lang": "en",
    "updated": 0
  },
  {
    "id": "f7bafa19-7391-4e3b-aaf5-05b7e2ce3d32",
    "data": [
      {
        "text": "john",
        "userDefined": false
      }
    ],
    "isTemplate": false,
    "count": 0,
    "lang": "en",
    "updated": 0
  },
  {
    "id": "64a531ce-7875-4fe4-a733-7d4a44043a72",
    "data": [
      {
        "text": "sam",
        "userDefined": false
      }
    ],
    "isTemplate": false,
    "count": 0,
    "lang": "en",
    "updated": 0
  }
]